first_term,Period,cohort_size,cohort_retained,percentage_retained
2012,0,55016,55016,1.00000
2012,1,55016,1527,0.02776
2013,0,93806,93806,1.00000
2013,1,93806,2476,0.02639
2014,0,185959,185959,1.00000
2014,1,185959,5523,0.02970
